year,cpi_index,inflation_rate
2019,105.8,
2020,106.3,0.4725897920604849
2021,109.5,3.010348071495761
2022,119.2,8.858447488584487
2023,125.6,5.369127516778516
2024,128.1,1.9904458598726027
